Papel,Cotação,Tipo,Data últ cot,Empresa,Min 52 sem,Setor,Max 52 sem,Subsetor,Vol $ méd (2m),Valor de mercado,Últ balanço processado,Valor da firma,Nro. Ações,Dia,P/L,LPA,Mês,P/VP,VPA,30 dias,P/EBIT,Marg. Bruta,12 meses,PSR,Marg. EBIT,2020,P/Ativos,Marg. Líquida,2019,P/Cap. Giro,EBIT / Ativo,2018,P/Ativ Circ Liq,ROIC,2017,Div. Yield,ROE,2016,EV / EBITDA,Liquidez Corr,2015,EV / EBIT,Div Br/ Patrim,Cres. Rec (5a),Giro Ativos,Ativo,Patrim. Líq
TIET4,2.81,PN N2,09/04/2020,AES TIETE E PN N2,1.99,Energia Elétrica,3.73,Energia Elétrica,2561020.0,5607450000.0,31/12/2019,8499640000.0,1995530000.0,2.55,18.68,0.15,12.4,3.86,0.73,-11.08,7.76,35.3,36.41,2.74,35.3,-5.39,0.72,14.6,57.14,-56.78,9.3,-16.0,-1.23,13.9,3.21,5.9,20.7,-1.8,8.2,0.95,0.0,11.75,2.93,-2.8,0.26,7798910000.0,1451170000.0
TIET11,14.4,UNT N2,09/04/2020,AES TIETE E UNT N2,9.97,Energia Elétrica,19.5,Energia Elétrica,45292500.0,5747130000.0,31/12/2019,8639330000.0,1995530000.0,1.91,19.15,0.75,9.76,3.96,3.64,-13.62,7.95,35.3,40.49,2.8,35.3,-10.39,0.74,14.6,72.24,-58.19,9.3,-15.34,-1.27,13.9,-3.5,5.7,20.7,14.54,8.34,0.95,0.0,11.95,2.93,-2.8,0.26,7798910000.0,1451170000.0
AALR3,10.64,ON NM,09/04/2020,ALLIAR ON NM,8.32,Saúde,23.15,"Serviços Médico - Hospitalares, Análises e Diagnósticos",7334810.0,1258640000.0,31/12/2019,1785110000.0,118293000.0,8.68,30.48,0.35,18.22,0.98,10.84,-29.63,10.01,26.5,-27.37,1.17,11.7,-41.41,0.52,4.7,37.16,116.41,5.2,-10.05,-1.9,5.6,1.03,0.8,3.2,-23.68,7.33,1.03,0.0,14.19,0.48,10.3,0.45,2401120000.0,1282190000.0
ALPA4,25.99,PN N1,09/04/2020,ALPARGATAS PN N1,15.09,"Tecidos, Vestuário e Calçados",37.91,Calçados,68201500.0,15283700000.0,31/12/2019,14996200000.0,588062000.0,0.35,55.76,0.47,12.22,5.78,4.49,1.68,25.82,50.3,73.19,4.12,15.9,-21.59,3.38,7.0,143.94,11.29,13.1,0.3,18.58,16.4,78.32,0.2,10.4,43.59,19.96,2.08,14.97,25.33,0.11,-2.5,0.82,4522040000.0,2642930000.0
ALUP11,22.9,UNT N2,09/04/2020,ALUPAR UNT N2,20.86,Energia Elétrica,30.36,Energia Elétrica,21971000.0,6710550000.0,31/12/2019,11364600000.0,879111000.0,-0.61,7.54,3.04,1.78,1.34,17.07,-11.92,2.87,53.7,1.06,1.46,50.9,-17.03,0.35,35.7,53.5,2.0,12.1,3.45,-1.05,15.5,10.91,2.0,17.8,47.97,4.64,2.61,-20.32,4.86,1.71,27.6,0.24,19369700000.0,5002190000.0
ABEV3,12.1,ON NM,09/04/2020,AMBEV S/A ON NM,11.03,Bebidas,20.18,Cervejas e Refrigerantes,490808000.0,190395000000.0,31/12/2019,181543000000.0,15735100000.0,-1.71,16.16,0.75,1.51,3.11,3.89,-17.52,12.21,58.8,-30.08,3.62,29.6,-35.19,1.87,23.2,24.08,72.95,15.3,-25.59,-16.46,20.6,33.1,4.1,19.2,-4.96,9.02,1.1,13.71,11.64,0.05,3.4,0.52,101743000000.0,61278000000.0
ANIM3,19.0,ON NM,09/04/2020,ANIMA ON NM,15.53,Diversos,38.75,Educacional,25296400.0,2100620000.0,31/12/2019,3163730000.0,110559000.0,-2.01,-218.97,-0.09,-0.37,3.04,6.24,-35.26,17.8,43.2,-2.21,1.78,10.0,-36.22,0.88,-0.8,75.24,18.11,4.9,-39.24,-1.68,5.4,108.81,0.0,-1.4,0.53,13.12,1.34,-57.55,26.8,1.8,8.1,0.49,2400020000.0,690435000.0
ARZZ3,37.6,ON NM,09/04/2020,AREZZO CO ON NM,33.03,Comércio,68.5,"Tecidos, Vestuário e Calçados",34334600.0,3419870000.0,31/12/2019,3322970000.0,90954000.0,-4.98,21.09,1.78,1.98,4.58,8.2,-27.09,20.44,46.2,-22.31,2.04,10.0,-41.25,2.42,9.7,19.58,6.63,11.8,3.3,10.91,16.7,129.45,2.1,21.7,23.25,13.42,2.11,-15.69,19.86,0.24,10.7,1.19,1413250000.0,746071000.0
AZUL4,16.3,PN,09/04/2020,AZUL PN,10.35,Transporte,62.41,Transporte Aéreo,233812000.0,5573850000.0,31/12/2019,7382120000.0,341954000.0,-2.92,-2.32,-7.03,-7.12,-1.58,-10.29,-49.22,-4.66,0.7,-54.41,0.49,-10.4,-72.03,0.29,-21.0,61.89,-2.05,-6.2,33.83,-0.3,-7.4,20.09,0.0,68.3,0.0,2.98,0.6,0.0,-6.18,-1.0,19.5,0.6,19197500000.0,-3519170000.0
BTOW3,57.73,ON,09/04/2020,B2W - COMPANHIA GLOBAL DO VAREJO ON,29.63,Comércio,76.56,Produtos Diversos,233669000.0,30206000000.0,31/12/2019,30156100000.0,523229000.0,-5.96,-94.92,-0.61,20.27,5.27,10.96,17.22,196.19,29.7,53.7,4.46,2.3,-8.16,1.88,-4.7,51.36,6.56,1.0,104.99,-33.92,2.3,105.89,0.0,-5.5,-33.06,44.57,1.95,-30.69,195.86,1.12,-8.2,0.42,16056600000.0,5734430000.0
B3SA3,39.01,ON,09/04/2020,B3 ON,29.57,Serviços Financeiros Diversos,52.3,Serviços Financeiros Diversos,805785000.0,80327000000.0,31/12/2019,75220500000.0,2059140000.0,-0.76,29.6,1.32,8.66,3.16,12.33,-3.1,24.88,89.8,26.41,12.21,49.1,-7.07,2.01,41.3,63.26,33.28,8.1,20.79,-19.32,10.6,40.49,4.1,10.7,55.25,17.66,1.3,21.98,23.3,0.17,33.8,0.16,40027300000.0,25388000000.0
BKBR3,9.1,ON NM,09/04/2020,BK BRASIL ON NM,6.85,Hoteis e Restaurantes,22.94,Restaurante e Similares,24391200.0,2075760000.0,31/12/2019,1991530000.0,228105000.0,13.18,42.76,0.21,0.44,1.16,7.83,-17.57,16.68,62.2,-60.57,0.72,4.3,-48.66,0.59,1.7,-13.73,10.88,3.5,18.45,-2.36,4.7,-0.85,0.6,2.7,0.0,4.66,1.28,0.0,16.01,0.29,913.9,0.81,3528060000.0,1786630000.0
BRML3,9.45,ON,09/04/2020,BR MALLS PARTICIPAÇÔES S/A ON,7.9,Exploração de Imóveis,19.22,Exploração de Imóveis,203244000.0,8251190000.0,31/12/2019,10189600000.0,873141000.0,-5.03,6.62,1.43,-5.31,0.75,12.65,-31.77,9.04,89.6,-17.18,6.56,72.6,-47.67,0.44,110.0,47.31,12.48,4.9,3.37,-1.38,5.1,23.28,9.6,11.3,39.62,10.92,2.41,-25.75,11.17,0.25,-2.3,0.07,18690400000.0,11040800000.0
BRPR3,8.87,ON NM,09/04/2020,BR PROPERTIES ON NM,7.84,Exploração de Imóveis,16.46,Exploração de Imóveis,30969700.0,4359690000.0,31/12/2019,4895060000.0,491510000.0,-4.93,14.0,0.63,-3.17,0.61,14.66,-22.87,17.33,100.0,-0.78,11.5,66.3,-38.74,0.44,82.1,76.59,3.65,2.5,-21.23,-3.52,2.9,41.83,0.0,4.3,-10.92,19.46,4.86,5.37,19.46,0.25,-12.8,0.04,9946280000.0,7204070000.0
AGRO3,17.45,ON NM,09/04/2020,BRASILAGRO ON NM,13.8,Exploração de Imóveis,20.75,Exploração de Imóveis,2051830.0,1083720000.0,31/12/2019,1448490000.0,62104300.0,0.87,26.8,0.65,0.58,1.15,15.18,-1.13,8.97,30.9,18.31,1.91,21.3,-8.25,0.72,18.0,28.51,4.32,8.0,31.67,-11.66,8.9,15.4,4.9,4.3,5.87,10.06,2.1,42.41,11.98,0.49,12.2,0.37,1515090000.0,942966000.0
BRKM5,16.29,PNA N1,09/04/2020,BRASKEM PNA N1,10.07,Químicos,47.91,Petroquímicos,91964300.0,12986700000.0,31/12/2019,33740200000.0,797219000.0,-1.33,-4.64,-3.51,-5.4,2.66,6.13,-25.55,5.44,12.7,-64.9,0.25,4.6,-45.43,0.19,-5.5,-35.24,1.81,3.5,15.28,-0.32,4.7,28.76,5.1,-57.3,37.82,5.6,1.44,67.14,14.13,5.99,4.1,0.77,68129000000.0,4885300000.0
BRFS3,18.04,ON NM,09/04/2020,BRF Foods ON NM,13.01,Alimentos,40.5,Carnes e Derivados,208220000.0,14657000000.0,31/12/2019,28621300000.0,812473000.0,3.68,49.25,0.37,19.55,1.86,9.72,-9.8,5.75,24.1,-26.28,0.44,7.6,-48.75,0.35,0.9,60.51,8.51,6.1,-40.08,-0.79,8.5,-24.15,0.0,3.8,-10.76,5.9,1.13,-10.3,11.23,2.36,-0.3,0.8,41700600000.0,7895620000.0
CAML3,7.75,ON NM,09/04/2020,CAMIL ON NM,6.29,Alimentos,9.79,Alimentos Diversos,13716700.0,2867500000.0,31/08/2019,4232300000.0,370000000.0,-2.02,8.42,0.92,-0.51,1.27,6.1,-2.39,11.35,24.0,13.07,0.57,5.0,-13.66,0.53,6.7,30.39,1.72,4.7,-7.99,15.95,6.3,-11.44,2.4,15.1,0.0,11.4,2.02,0.0,16.76,0.99,14.3,0.94,5390020000.0,2258460000.0
CRFB3,20.0,ON NM,09/04/2020,CARREFOUR BR ON NM,17.6,Comércio e Distribuição,24.55,Alimentos,101577000.0,39697400000.0,31/12/2019,38572400000.0,1984870000.0,-4.08,39.19,0.51,-3.05,2.94,6.8,-1.19,10.78,20.7,1.57,0.66,6.1,-14.35,0.88,2.2,30.45,18.94,8.2,21.03,-4.93,13.6,2.35,1.4,7.5,0.0,8.11,1.1,0.0,10.47,0.33,8.1,1.34,44912000000.0,13504000000.0
CCRO3,12.81,ON NM,09/04/2020,COMPANHIA DE CONCESSÕES RODOVIÁRIAS ON NM,9.92,Transporte,20.08,Exploração de Rodovias,143666000.0,25876200000.0,31/12/2019,39915100000.0,2020000000.0,3.31,17.99,0.71,9.21,3.18,4.03,0.87,7.64,42.4,7.2,2.44,32.0,-32.51,0.78,13.5,78.22,42.24,10.2,-26.8,-1.46,12.2,4.75,8.3,17.7,33.56,7.49,1.09,-11.34,11.79,2.34,4.3,0.32,33262100000.0,8138790000.0
CEAB3,8.6,ON NM,09/04/2020,CEA MODAS ON NM,5.3,Comércio,19.12,"Tecidos, Vestuário e Calçados",26511700.0,2650910000.0,31/12/2019,3791480000.0,308245000.0,-1.15,2.73,3.15,28.36,0.97,8.89,-27.43,6.85,48.6,-48.83,0.5,7.3,-51.48,0.44,18.4,5.47,2.12,6.4,0.0,-8.9,8.1,0.0,0.0,35.5,0.0,4.27,1.71,0.0,9.8,0.58,2.3,0.88,6037090000.0,2739570000.0
CMIG3,9.41,ON N1,09/04/2020,CEMIG ON N1,7.74,Energia Elétrica,18.77,Energia Elétrica,25137200.0,13726900000.0,31/12/2019,27226800000.0,1458750000.0,2.62,4.39,2.14,3.98,0.86,10.89,-25.67,2.79,22.8,-40.0,0.54,19.3,-39.64,0.27,12.3,8.03,6.17,9.8,137.44,-0.57,10.5,-16.85,7.7,19.7,36.15,4.64,1.28,-50.45,5.54,0.93,5.4,0.51,49927100000.0,15886600000.0
CMIG4,9.17,PN N1,09/04/2020,CEMIG PN N1,7.95,Energia Elétrica,15.97,Energia Elétrica,152927000.0,13376800000.0,31/12/2019,26876700000.0,1458750000.0,3.38,4.28,2.14,2.92,0.84,10.89,-25.45,2.72,22.8,-31.56,0.53,19.3,-33.5,0.27,12.3,4.45,6.01,9.8,116.61,-0.56,10.5,-5.63,7.9,19.7,40.69,4.58,1.28,-50.64,5.47,0.93,5.4,0.51,49927100000.0,15886600000.0
CESP6,25.67,PNB,09/04/2020,CESP CIA ENERGETICA SAO PAULO PNB,22.09,Energia Elétrica,33.07,Energia Elétrica,100052000.0,8407000000.0,31/12/2019,9508060000.0,327503000.0,2.31,7.23,3.55,3.0,1.18,21.82,-7.71,38.9,30.5,12.73,5.35,13.8,-13.32,0.65,74.0,51.52,131.71,1.7,65.46,-1.76,1.8,0.55,10.7,16.3,3.85,15.96,1.07,-33.95,43.99,0.25,-12.0,0.12,12929700000.0,7144910000.0
HGTX3,14.45,ON N1,09/04/2020,CIA HERING ON N1,11.18,"Tecidos, Vestuário e Calçados",35.35,Vestuário,58178300.0,2348620000.0,31/12/2019,2049280000.0,162534000.0,3.73,10.94,1.32,-2.89,1.65,8.78,-23.55,11.53,43.8,-48.72,1.52,13.1,-57.55,1.3,13.9,19.94,2.64,11.2,17.96,2.84,16.2,80.9,4.6,15.1,5.89,7.02,3.73,-18.49,10.06,0.05,-0.1,0.86,1811770000.0,1426400000.0
CIEL3,4.83,ON NM,09/04/2020,CIELO ON NM,3.98,Serviços Financeiros Diversos,9.46,Serviços Financeiros Diversos,105803000.0,13122200000.0,31/12/2019,19112400000.0,2716820000.0,-3.78,8.29,0.58,8.78,1.15,4.19,-19.77,6.7,36.1,-46.99,1.16,17.3,-42.11,0.14,15.8,-1.06,1.5,2.1,-58.16,-7.8,7.5,4.66,4.3,13.9,1.31,6.32,1.13,3.53,9.76,0.81,-0.1,0.12,93422300000.0,11392600000.0
COCE5,47.81,PNA,09/04/2020,CIA ENERG CEARA - COELCE PNA,41.0,Energia Elétrica,64.27,Energia Elétrica,1964930.0,3722250000.0,31/12/2019,5738040000.0,77855000.0,0.5,9.19,5.2,-1.01,1.2,40.0,-18.41,7.03,14.1,-4.21,0.69,9.9,-23.39,0.43,7.5,34.74,33.83,6.1,-10.6,-1.1,6.9,14.4,3.9,13.0,42.38,7.16,1.05,-0.13,10.83,0.7,7.8,0.62,8664710000.0,3114050000.0
COGN3,4.58,ON,09/04/2020,COGNA ON,3.66,Diversos,13.62,Educacional,237091000.0,8594850000.0,31/12/2019,19875300000.0,1876610000.0,-0.43,36.54,0.13,14.5,0.54,8.44,-39.26,8.79,60.0,-55.1,1.22,13.9,-59.93,0.25,3.5,30.33,4.97,2.9,-50.09,-0.62,3.0,41.81,1.8,1.5,44.07,9.14,1.63,-34.7,20.33,0.76,7.5,0.21,34118400000.0,15832400000.0
CSMG3,46.5,ON,09/04/2020,COPASA MG ON,32.97,Água e Saneamento,71.79,Água e Saneamento,49832800.0,5893920000.0,31/12/2019,8680010000.0,126751000.0,3.33,7.81,5.95,13.69,0.87,53.2,-9.24,4.65,41.8,-23.72,1.14,24.6,-29.89,0.51,14.6,13.15,8.13,11.0,53.64,-2.0,11.7,24.55,3.5,11.2,144.17,4.64,1.65,-37.42,6.85,0.49,7.8,0.45,11528800000.0,6743710000.0
CPLE3,55.14,ON,09/04/2020,COPEL ON,29.39,Energia Elétrica,85.63,Energia Elétrica,17010800.0,15089400000.0,31/12/2019,23716500000.0,273655000.0,2.59,7.58,7.27,-5.55,0.87,63.04,-20.89,4.26,27.6,74.75,0.93,21.8,-20.2,0.39,12.7,140.58,5.89,9.2,49.37,-1.18,10.5,20.4,4.7,11.5,26.21,5.12,1.48,-30.87,6.69,0.67,3.3,0.42,38312600000.0,17252400000.0
CPLE6,56.23,PNB,09/04/2020,COPEL PNB,34.6,Energia Elétrica,77.91,Energia Elétrica,78949800.0,15387600000.0,31/12/2019,24014700000.0,273655000.0,3.16,7.73,7.27,5.1,0.89,63.04,-10.15,4.34,27.6,54.06,0.95,21.8,-18.59,0.4,12.7,135.32,6.0,9.2,31.27,-1.2,10.5,-2.78,5.1,11.5,17.14,5.18,1.48,-26.66,6.78,0.67,3.3,0.42,38312600000.0,17252400000.0
CSAN3,51.57,ON,09/04/2020,COSAN SA INDUSTRIA E COMERCIO ON,42.27,Alimentos,84.2,Açucar e Alcool,161338000.0,20329400000.0,31/12/2019,27667700000.0,394210000.0,-3.26,8.38,6.15,-4.07,1.93,26.77,-18.14,9.87,29.3,17.1,1.5,15.2,-25.87,0.62,18.3,112.49,3.93,6.3,-17.07,-1.94,8.2,11.62,2.0,23.0,62.4,10.52,1.84,-6.56,13.43,1.27,14.2,0.41,32865100000.0,10553700000.0
RLOG3,15.9,ON NM,09/04/2020,COSAN LOG ON NM,11.21,Transporte,23.5,Transporte Ferroviário,16268000.0,7365260000.0,31/12/2019,17122700000.0,463224000.0,2.91,34.43,0.46,-4.9,3.1,5.13,6.21,3.49,35.0,8.16,1.04,29.7,-31.47,0.22,11.0,77.78,3.85,6.4,40.63,-0.38,6.9,90.95,0.0,9.0,26.56,4.48,1.63,-62.68,8.12,4.93,15.0,0.22,32838000000.0,2376850000.0
CPFE3,27.8,ON,09/04/2020,CPFL ENERGIA S.A. ON,23.5,Energia Elétrica,39.2,Energia Elétrica,106592000.0,32032700000.0,31/12/2019,48154100000.0,1152250000.0,0.72,11.85,2.35,3.46,2.47,11.28,-18.24,6.6,22.0,-2.56,1.07,16.2,-21.8,0.73,9.2,25.22,116.6,11.0,50.85,-1.57,12.8,-22.58,1.5,20.8,72.05,7.7,1.03,-11.19,9.93,1.46,12.4,0.68,44078300000.0,12994400000.0
CARD3,8.55,ON NM,09/04/2020,CSU CARDSYST ON NM,5.86,Serviços,15.53,Serviços Diversos,3266030.0,357390000.0,31/12/2019,446426000.0,41800000.0,-4.58,13.32,0.64,10.32,1.39,6.15,-18.34,8.94,25.2,30.36,0.82,9.2,-29.93,0.72,6.2,83.26,-57.23,8.1,-27.36,-3.41,9.6,107.43,3.6,10.4,74.81,4.51,0.96,7.63,11.16,0.46,-2.3,0.87,495706000.0,257266000.0
CVCB3,12.95,ON NM,09/04/2020,CVC BRASIL ON NM,6.49,Viagens e Lazer,58.17,Viagens e Turismo,128000000.0,1933810000.0,30/09/2019,3064240000.0,149329000.0,10.21,8.01,1.62,16.67,1.41,9.18,-33.59,2.74,88.6,-74.2,0.98,35.6,-70.43,0.28,11.6,-27.82,1.16,10.2,27.11,-3.75,12.2,106.83,3.4,17.6,83.66,3.63,1.49,-6.84,4.35,1.13,22.8,0.29,6931810000.0,1370930000.0
CCPR3,15.08,ON,09/04/2020,CYRELA COMMERCIAL PROPERTIES SA EMP PART ON,11.51,Exploração de Imóveis,26.49,Exploração de Imóveis,9000280.0,2489920000.0,31/12/2019,3595470000.0,165114000.0,2.72,75.89,0.2,9.67,1.31,11.53,-25.93,10.05,65.3,23.61,5.29,52.6,-40.65,0.47,20.6,192.07,3.34,4.7,8.48,-2.18,5.6,26.9,0.0,1.7,15.75,12.32,3.88,-27.3,14.51,1.05,5.7,0.09,5311610000.0,1904030000.0
CYRE3,14.6,PN,09/04/2020,CYRELA BRAZIL REALTY PN,12.45,Construção e Engenharia,34.38,Construção Civil,155823000.0,5836250000.0,31/12/2019,6975470000.0,399743000.0,1.74,14.03,1.04,3.33,1.23,11.91,-36.85,13.25,30.9,-2.99,1.48,11.2,-50.83,0.58,13.6,105.9,1.84,4.4,26.49,10.79,5.2,29.84,12.5,8.7,40.48,14.73,2.44,-25.77,15.84,0.53,-2.1,0.39,9987780000.0,4762380000.0
PNVL3,25.98,ON,09/04/2020,PANVEL FARMÁCIAS ON,12.15,Comércio e Distribuição,30.0,Medicamentos,1702530.0,3519770000.0,31/12/2019,3953740000.0,135480000.0,1.68,45.86,0.57,14.5,6.71,3.87,-3.78,30.91,29.7,101.66,1.29,4.2,32.33,2.41,2.8,91.72,10.06,7.8,-21.2,-41.42,10.5,-40.06,0.6,14.6,131.99,18.88,1.7,35.67,34.72,0.96,8.0,1.87,1460290000.0,524176000.0
DIRR3,9.13,ON NM,09/04/2020,Direcional Engenharia ON NM,7.18,Construção e Engenharia,18.39,Construção Civil,17999600.0,1400530000.0,31/12/2019,1544150000.0,153399000.0,3.51,13.94,0.65,8.95,1.11,8.19,-30.52,6.02,33.7,7.67,0.96,15.9,-39.13,0.3,8.3,116.76,0.77,5.0,45.68,-1.47,6.0,24.02,5.5,8.0,36.3,5.75,4.52,-52.13,6.64,0.69,-3.0,0.31,4654720000.0,1256930000.0
DMMO3,0.89,ON,09/04/2020,DOMMO ON,0.48,"Petróleo, Gás e Biocombustíveis",10.4,Exploração e/ou Refino e Distribuição,6273080.0,240336000.0,31/12/2019,900387000.0,270040000.0,39.06,-1.9,-0.47,43.55,-0.5,-1.79,-5.32,-21.54,12.5,-87.64,0.55,-2.5,-69.62,0.18,-28.9,-70.1,-1.0,-0.8,-5.77,-0.15,-1.0,-53.15,0.0,26.2,-62.99,17.1,0.48,270.31,-80.69,-1.63,4.3,0.33,1339740000.0,-482478000.0
DTEX3,9.34,ON NM,09/04/2020,DURATEX ON NM,7.77,Madeira e Papel,19.3,Madeira,57799900.0,6461270000.0,31/12/2019,8166590000.0,691785000.0,-0.64,15.93,0.59,-0.11,1.31,7.13,-32.85,18.67,25.8,-10.88,1.29,6.9,-44.14,0.6,8.1,44.26,4.74,3.2,37.0,-2.85,3.9,36.67,4.0,8.2,17.23,7.66,1.63,-19.02,23.59,0.6,7.3,0.47,10714700000.0,4930860000.0
ECOR3,10.7,ON NM,09/04/2020,ECORODOVIAS ON NM,8.05,Transporte,19.1,Exploração de Rodovias,53816500.0,5978080000.0,31/12/2019,12638700000.0,558699000.0,5.63,-32.23,-0.33,13.23,13.13,0.82,-10.98,4.97,38.0,13.23,1.51,30.4,-34.36,0.52,-4.7,73.77,-3.56,10.4,-17.79,-0.68,12.8,55.66,0.0,-40.7,66.97,7.14,0.58,-49.94,10.51,19.06,7.6,0.34,11542500000.0,455351000.0
ELET3,25.26,ON,09/04/2020,ELETROBRÁS ON,15.24,Energia Elétrica,46.83,Energia Elétrica,183740000.0,39631200000.0,31/12/2019,74748800000.0,1568930000.0,5.29,3.7,6.82,5.87,0.56,45.19,-8.31,5.44,75.6,-22.13,1.43,26.3,-33.17,0.22,38.8,59.97,2.63,4.1,25.29,-0.61,4.5,-15.2,2.8,15.1,295.73,8.22,1.59,1.81,10.26,0.69,-11.4,0.16,177467000000.0,70906800000.0
ELET6,28.34,PNB,09/04/2020,ELETROBRÁS PNB,18.48,Energia Elétrica,47.27,Energia Elétrica,123600000.0,44463500000.0,31/12/2019,79581100000.0,1568930000.0,5.16,4.16,6.82,8.87,0.63,45.19,-4.99,6.1,75.6,-15.7,1.6,26.3,-25.89,0.25,38.8,41.32,2.95,4.1,24.07,-0.68,4.5,-6.44,4.3,15.1,147.98,8.75,1.59,32.96,10.93,0.69,-11.4,0.16,177467000000.0,70906800000.0
EMBR3,9.63,ON,09/04/2020,EMBRAER ON,7.74,Material de Transporte,20.5,Material Aeronáutico,77099300.0,7130680000.0,31/12/2019,2398600000.0,740465000.0,3.1,-5.42,-1.78,0.94,0.5,19.15,-35.63,23.34,13.7,-48.97,0.68,2.9,-51.19,0.17,-12.4,-8.99,0.81,0.7,8.89,1.1,0.8,27.14,0.0,-9.3,-46.72,2.13,1.34,21.5,7.85,0.03,-13.6,0.25,42614700000.0,14179000000.0
ENAT3,9.62,ON,09/04/2020,ENAUTA PART ON,6.44,"Petróleo, Gás e Biocombustíveis",18.54,Exploração e/ou Refino e Distribuição,20489000.0,2557060000.0,31/12/2019,1104700000.0,265807000.0,-7.5,11.87,0.81,5.14,0.88,10.89,-0.31,8.28,31.9,-27.34,2.3,27.8,-39.88,0.56,19.4,94.65,1.7,6.8,-0.24,6.06,11.4,107.04,19.8,7.4,-5.24,1.49,3.63,-14.63,3.58,0.09,23.7,0.24,4549170000.0,2895540000.0
ENBR3,16.09,ON,09/04/2020,EDP ENERGIAS DO BRASIL S/A ON,13.63,Energia Elétrica,22.92,Energia Elétrica,74586300.0,9764220000.0,31/12/2019,15455200000.0,606850000.0,0.94,7.3,2.2,0.03,1.06,15.21,-14.61,4.04,19.4,-5.74,0.64,15.9,-25.19,0.36,9.7,56.96,6.14,8.8,9.23,-0.99,10.7,5.22,4.0,14.5,22.99,5.05,1.28,39.69,6.4,0.92,12.9,0.55,27489100000.0,9229050000.0
ENGI11,41.71,UNT N2,09/04/2020,ENERGISA UNT N2,35.35,Energia Elétrica,60.0,Energia Elétrica,89961000.0,15137100000.0,31/12/2019,29575400000.0,1814560000.0,2.36,33.24,1.25,10.34,2.66,15.7,-17.96,6.52,16.3,5.47,0.76,11.7,-21.62,0.38,2.6,48.0,6.51,5.9,39.76,-0.66,6.7,50.55,1.4,8.0,36.1,8.5,1.31,32.95,12.74,3.0,14.0,0.51,39319800000.0,5698260000.0
ENEV3,34.27,ON,09/04/2020,ENEVA ON,19.22,Energia Elétrica,48.31,Energia Elétrica,91934700.0,10811600000.0,31/12/2019,14579900000.0,315483000.0,1.99,18.0,1.9,-1.38,1.57,21.88,-15.88,12.5,39.5,74.85,3.45,27.6,-21.56,0.78,19.1,171.54,7.34,6.2,15.76,-2.61,7.5,16.81,0.0,8.7,-15.0,10.76,2.09,-39.13,16.86,0.81,20.0,0.23,13863100000.0,6902430000.0
EGIE3,39.27,ON,09/04/2020,ENGIE BRASIL ON,37.56,Energia Elétrica,54.1,Energia Elétrica,105690000.0,32041500000.0,31/12/2019,42934300000.0,815928000.0,0.8,13.87,2.83,0.9,4.58,8.57,-12.29,8.22,42.3,-5.26,3.27,39.8,-22.7,1.06,23.6,59.2,41.83,12.9,29.98,-1.95,15.3,9.31,4.1,33.0,7.05,9.02,1.13,6.28,11.01,2.11,12.0,0.33,30135600000.0,6995150000.0
EQTL3,18.33,ON NM,09/04/2020,EQUATORIAL ENERGIA S.A. ON NM,15.44,Energia Elétrica,26.9,Energia Elétrica,241001000.0,18516700000.0,30/09/2019,30407000000.0,1010190000.0,4.62,11.66,1.57,4.15,2.79,6.57,-17.62,4.89,27.2,14.99,1.13,23.1,-19.57,0.55,11.4,54.61,4.67,11.2,15.52,-1.13,13.8,21.87,1.0,23.9,62.33,6.99,1.69,27.47,8.02,2.5,20.2,0.48,33872000000.0,6635790000.0
ETER3,2.65,ON,09/04/2020,ETERNIT ON,1.91,Construção e Engenharia,7.3,Materiais de Construção,2034700.0,84201100.0,31/12/2019,188417000.0,31774000.0,3.52,-6.66,-0.4,3.52,-29.84,-0.09,-33.75,-1.64,14.0,31.84,0.17,-10.5,-37.79,0.15,-2.6,52.69,21.15,-9.4,-49.27,-0.27,-10.8,-30.38,0.0,448.2,-36.8,-5.75,1.02,-28.45,-3.67,-40.25,-16.6,0.9,545587000.0,-2822000.0
EVEN3,6.35,ON NM,09/04/2020,Even ON NM,5.31,Construção e Engenharia,19.21,Construção Civil,30264400.0,1377950000.0,31/12/2019,1852310000.0,217000000.0,2.42,11.56,0.55,3.93,0.83,7.69,-42.27,7.61,24.9,7.63,0.72,9.5,-59.19,0.28,7.5,159.33,0.62,3.6,4.53,3.1,4.6,55.14,0.0,7.1,-5.61,9.73,2.65,-17.3,10.23,0.84,-4.4,0.38,4983540000.0,1668620000.0
EZTC3,30.2,ON NM,09/04/2020,EZTec ON NM,19.97,Construção e Engenharia,60.16,Construção Civil,118198000.0,6855400000.0,31/12/2019,5590020000.0,227000000.0,-1.18,24.39,1.24,1.68,1.82,16.57,-22.16,48.72,40.8,39.56,8.52,17.5,-41.81,1.6,36.1,152.8,3.24,3.3,18.53,3.47,4.8,64.48,0.3,7.5,36.93,37.2,7.41,-32.66,39.73,0.01,-4.0,0.19,4275920000.0,3762040000.0
FESA4,13.79,PN,09/04/2020,FERBASA PN,10.39,Siderurgia e Metalurgia,23.11,Siderurgia,5491150.0,1217930000.0,31/12/2019,1537980000.0,88320000.0,-0.79,5.51,2.5,6.32,0.66,20.74,-7.45,10.38,20.2,-30.41,0.95,9.2,-31.08,0.44,17.3,3.64,2.78,4.3,6.08,-5.68,4.7,180.34,9.8,12.1,19.89,5.07,2.71,-1.63,13.1,0.27,8.9,0.47,2746440000.0,1832110000.0
FLRY3,21.55,ON NM,09/04/2020,FLEURY ON NM,18.14,Saúde,32.8,"Serviços Médico - Hospitalares, Análises e Diagnósticos",86269200.0,6826780000.0,31/12/2019,7578930000.0,316788000.0,-0.42,21.86,0.99,6.47,3.88,5.55,-20.21,12.02,30.6,-3.3,2.35,19.6,-27.69,1.34,10.8,61.88,9.25,11.1,-30.99,-3.69,13.8,68.91,4.3,17.8,137.94,8.53,1.99,0.0,13.34,0.88,11.6,0.57,5096650000.0,1758980000.0
GFSA3,3.7,ON,09/04/2020,GAFISA ON,2.8,Construção e Engenharia,10.15,Construção Civil,27311000.0,444000000.0,31/12/2019,760348000.0,120000000.0,5.71,-32.31,-0.11,-2.63,0.5,7.45,-23.08,9.11,29.4,-45.83,1.11,12.2,-57.32,0.17,-3.5,-42.92,0.81,1.9,-17.4,3.1,2.4,30.7,0.0,-1.5,-21.83,12.08,1.44,16.66,15.59,0.82,-29.1,0.16,2551890000.0,893708000.0
GGBR3,9.56,ON N1,09/04/2020,GERDAU S.A. ON N1,7.62,Siderurgia e Metalurgia,19.42,Siderurgia,1346710.0,16439900000.0,31/12/2019,26195200000.0,1719660000.0,-3.04,13.66,0.7,2.8,0.61,15.68,-19.05,5.93,10.6,-22.75,0.41,7.0,-44.02,0.3,3.1,43.06,1.52,5.1,21.3,-1.91,6.3,31.99,2.2,4.5,129.14,5.4,2.46,-56.71,9.45,0.6,0.1,0.73,54003000000.0,26955700000.0
GGBR4,10.7,PN N1,09/04/2020,GERDAU S.A. PN N1,8.64,Siderurgia e Metalurgia,22.23,Siderurgia,258775000.0,18400400000.0,31/12/2019,28155600000.0,1719660000.0,-3.17,15.29,0.7,6.47,0.68,15.68,-19.25,6.64,10.6,-30.35,0.46,7.0,-46.41,0.34,3.1,37.65,1.7,5.1,22.31,-2.14,6.3,15.23,2.0,4.5,132.73,5.81,2.46,-47.32,10.15,0.6,0.1,0.73,54003000000.0,26955700000.0
GOAU4,4.72,PN N1,09/04/2020,METALÚRGICA GERDAU PN N1,3.84,Siderurgia e Metalurgia,10.82,Siderurgia,117819000.0,5131790000.0,31/12/2019,14887000000.0,1087240000.0,-3.48,12.07,0.39,1.51,0.51,9.21,-24.48,1.86,10.6,-35.01,0.13,7.0,-49.01,0.09,3.0,36.67,0.47,5.1,23.23,-0.6,6.3,20.83,2.4,4.2,192.3,3.08,2.46,-84.45,5.38,1.6,0.1,0.73,54048700000.0,10014100000.0
GOLL4,11.63,PN,09/04/2020,GOL LINHAS AEREAS INTELIGENTES SA PN,5.6,Transporte,43.79,Transporte Aéreo,176687000.0,4134490000.0,31/12/2019,9945140000.0,355502000.0,-3.0,-35.26,-0.33,2.29,-0.54,-21.59,-33.08,2.28,29.3,-50.93,0.3,13.1,-68.4,0.27,1.3,46.61,-0.76,11.9,71.92,-0.24,15.9,216.02,0.0,1.5,83.33,2.81,0.48,-83.19,5.48,-1.1,8.8,0.91,15298400000.0,-7676670000.0
GRND3,7.22,ON,09/04/2020,GRENDENE SA ON,6.77,"Tecidos, Vestuário e Calçados",12.91,Calçados,17812400.0,6513600000.0,31/12/2019,5356350000.0,902160000.0,-4.37,13.16,0.55,-4.12,1.77,4.08,-18.88,19.98,45.6,-8.72,3.15,15.7,-41.21,1.6,23.9,55.25,2.76,8.0,-10.11,2.87,12.1,69.88,4.4,13.4,10.21,13.34,8.91,18.99,16.43,0.05,0.1,0.51,4064450000.0,3682440000.0
GUAR3,12.04,ON,09/04/2020,GUARARAPES CONFECÇÕES ON,9.9,Comércio,30.45,"Tecidos, Vestuário e Calçados",25254300.0,6010370000.0,31/12/2019,7266370000.0,499200000.0,-3.06,10.14,1.19,10.36,1.15,10.47,-45.27,9.81,63.1,-26.76,0.77,7.8,-49.4,0.48,7.6,20.1,1.93,4.9,11.26,45.77,5.9,149.45,4.5,11.3,35.19,6.46,1.71,-41.95,11.86,0.54,9.3,0.62,12602500000.0,5224590000.0
HAPV3,48.86,ON NM,09/04/2020,HAPVIDA ON NM,27.77,Saúde,69.11,"Serviços Médico - Hospitalares, Análises e Diagnósticos",176182000.0,36302300000.0,31/12/2019,37009600000.0,742986000.0,-2.26,42.72,1.14,15.24,5.0,9.77,8.29,34.97,39.6,75.61,6.44,18.4,-23.38,2.91,15.1,106.4,87.29,8.3,8.71,-11.98,9.5,0.0,0.8,11.7,0.0,29.89,1.24,0.0,35.65,0.29,21.0,0.45,12453700000.0,7259600000.0
HBOR3,1.67,ON,09/04/2020,Helbor ON,1.15,Construção e Engenharia,4.96,Construção Civil,29035800.0,1117660000.0,31/12/2019,2038590000.0,669255000.0,3.73,-10.73,-0.16,-11.17,0.89,1.87,-38.6,-23.51,11.7,25.56,0.87,-3.7,-63.3,0.24,-8.1,201.33,0.5,-1.0,-22.96,2.4,-1.2,32.43,0.0,-8.3,5.71,-53.03,2.75,-61.33,-42.88,1.2,-3.7,0.28,4627980000.0,1250700000.0
HYPE3,31.46,ON,09/04/2020,HYPERA ON,24.16,Comércio,41.45,Produtos Diversos,154597000.0,19890200000.0,31/12/2019,19046400000.0,632238000.0,-2.05,17.09,1.84,10.04,2.28,13.78,-10.67,41.89,63.3,27.16,6.04,14.4,-11.14,1.67,35.3,21.77,6.3,4.0,-11.93,13.03,5.1,47.73,4.3,13.4,22.45,32.0,3.0,33.98,40.11,0.16,3.5,0.28,11919500000.0,8710100000.0
IGTA3,30.71,ON NM,09/04/2020,IGUATEMI ON NM,26.97,Exploração de Imóveis,56.86,Exploração de Imóveis,73344100.0,5423750000.0,31/12/2019,6832980000.0,176612000.0,-4.03,17.49,1.76,-1.73,1.82,16.92,-26.88,13.36,66.6,-15.72,7.19,53.8,-41.72,0.96,41.7,30.04,6.18,7.2,7.59,-3.64,8.7,50.76,2.8,10.4,42.91,12.79,4.33,-20.15,16.83,0.8,4.3,0.13,5628890000.0,2987730000.0
PARD3,19.5,ON NM,09/04/2020,IHPARDINI ON NM,14.86,Saúde,32.41,"Serviços Médico - Hospitalares, Análises e Diagnósticos",12499000.0,2554090000.0,31/12/2019,2655840000.0,130979000.0,2.63,16.15,1.21,1.46,3.67,5.31,-20.91,11.16,30.1,-9.75,1.89,16.9,-28.12,1.57,11.7,48.42,13.96,14.1,-43.15,-6.19,16.8,71.69,2.3,22.7,0.0,8.26,1.55,0.0,11.61,0.33,13.9,0.83,1625790000.0,695227000.0
MEAL3,2.64,ON NM,09/04/2020,IMC S/A ON NM,2.44,Hoteis e Restaurantes,9.5,Restaurante e Similares,12844400.0,517229000.0,31/12/2019,746095000.0,195920000.0,0.76,-32.65,-0.08,-3.65,0.45,5.84,-59.32,19.56,32.0,-61.52,0.32,1.6,-68.57,0.19,-1.0,30.23,8.44,1.0,-18.35,-0.53,1.2,79.95,0.4,-1.4,22.63,6.91,1.12,-38.59,28.21,0.49,0.1,0.6,2685650000.0,1145110000.0
ROMI3,8.9,ON,09/04/2020,ROMI ON,7.01,Máquinas e Equipamentos,17.54,Máqs. e Equips. Industriais,3539370.0,559436000.0,31/12/2019,760424000.0,62858000.0,4.22,4.31,2.06,11.67,0.74,12.05,-25.41,22.23,27.3,-2.39,0.73,3.3,-46.24,0.41,17.0,124.14,1.53,1.8,17.66,3.68,2.2,203.61,12.9,17.1,52.06,12.95,1.92,-39.67,30.22,0.46,7.3,0.56,1367240000.0,757284000.0
GNDI3,52.15,ON NM,09/04/2020,INTERMEDICA ON NM,32.36,Saúde,76.07,"Serviços Médico - Hospitalares, Análises e Diagnósticos",305018000.0,31482600000.0,31/12/2019,28861000000.0,603693000.0,3.82,74.32,0.7,15.99,4.94,10.55,2.6,33.47,27.4,60.76,3.74,11.2,-23.33,2.39,5.0,135.75,8.89,7.2,43.6,-39.14,11.5,0.0,0.3,6.6,0.0,24.33,2.45,0.0,30.68,0.34,25.9,0.64,13148000000.0,6370400000.0
MYPK3,11.2,ON,09/04/2020,IOCHPE-MAXION ON,9.8,Material de Transporte,23.63,Material Rodoviário,39038600.0,1721660000.0,31/12/2019,4137110000.0,153720000.0,-2.61,5.1,2.2,1.63,0.53,21.0,-13.31,2.74,11.8,-42.57,0.17,6.3,-49.94,0.18,4.2,-1.1,2.22,6.7,7.7,-0.68,8.3,101.75,7.6,10.5,-2.94,3.94,1.3,6.15,6.57,0.95,11.7,1.07,9375410000.0,3228480000.0
ITSA3,10.71,ON N1,09/04/2020,ITAÚSA ON N1,9.29,Financeiros,13.79,Bancos,3755750.0,90079800000.0,31/12/2019,90652800000.0,8410810000.0,-0.83,8.74,1.23,7.64,1.63,6.57,-11.49,481.71,25.8,-16.41,17.99,3.7,-21.29,1.33,211.0,14.23,23.67,0.3,49.45,-32.9,0.3,38.09,8.1,18.7,36.38,99.29,2.48,-14.14,484.77,0.08,1.9,0.07,67476000000.0,55232000000.0
ITSA4,9.24,PN N1,09/04/2020,ITAÚSA PN N1,7.53,Financeiros,13.88,Bancos,390467000.0,77715900000.0,31/12/2019,78288900000.0,8410810000.0,-0.86,7.54,1.23,5.36,1.41,6.57,-14.68,415.59,25.8,-17.02,15.52,3.7,-32.21,1.15,211.0,27.4,20.42,0.3,32.62,-28.38,0.3,37.62,9.4,18.7,39.31,85.75,2.48,-12.65,418.66,0.08,1.9,0.07,67476000000.0,55232000000.0
JBSS3,19.0,ON NM,09/04/2020,JBS ON NM,16.75,Alimentos,33.2,Carnes e Derivados,448582000.0,51846200000.0,31/12/2019,94840300000.0,2728750000.0,-1.86,8.54,2.22,-6.59,1.75,10.86,5.56,3.94,15.6,12.43,0.25,6.4,-26.36,0.41,3.2,122.61,3.85,10.4,18.75,-1.0,13.3,-13.63,0.0,20.5,-3.25,4.87,1.47,17.98,7.2,1.79,5.3,1.62,126339000000.0,29637000000.0
JPSA3,21.79,ON,09/04/2020,JEREISSATI PARTICIPACOES ON,18.5,Telefonia Fixa,40.7,Telefonia Fixa,10053000.0,1915100000.0,31/12/2019,3383550000.0,87889000.0,-3.16,14.88,1.46,6.45,1.25,17.49,-29.98,5.02,66.6,-7.83,2.54,50.5,-42.35,0.33,37.8,68.6,2.15,6.6,18.94,-1.23,8.1,175.59,1.8,8.4,-6.43,6.64,4.16,-31.3,8.86,1.6,4.3,0.13,5748050000.0,1537450000.0
JHSF3,3.64,ON NM,09/04/2020,JHSF Part ON NM,2.14,Construção e Engenharia,8.95,Construção Civil,46093200.0,2334120000.0,31/12/2019,3003360000.0,641242000.0,-2.15,7.24,0.5,4.0,0.77,4.7,-27.05,13.94,48.7,47.92,3.67,26.3,-48.95,0.4,51.3,294.25,4.66,2.9,9.58,-1.26,3.2,23.7,1.9,10.7,11.57,15.63,2.16,-43.19,17.94,0.4,2.6,0.11,5837930000.0,3014130000.0
JSLG3,15.72,ON NM,09/04/2020,JULIO SIMOES ON NM,9.79,Transporte,36.34,Transporte Rodoviário,29257700.0,3251540000.0,31/12/2019,11958600000.0,206841000.0,2.14,14.39,1.09,21.39,2.41,6.51,-26.4,2.8,21.3,45.01,0.34,12.0,-40.96,0.16,3.3,291.38,0.77,5.7,-15.45,-0.36,9.2,-8.17,1.2,16.8,42.79,5.75,1.9,-41.29,10.29,10.77,12.1,0.48,20268200000.0,1347040000.0
KEPL3,24.9,ON,09/04/2020,KEPLER WEBER SA ON,17.6,Máquinas e Equipamentos,30.75,Máqs. e Equips. Industriais,3405650.0,655169000.0,31/12/2019,618907000.0,26312000.0,3.75,17.44,1.43,2.47,1.4,17.76,-8.46,11.14,24.9,35.18,1.12,10.1,-15.45,0.97,6.4,99.66,5.19,8.7,-23.61,6.93,10.8,8.48,1.0,8.0,11.95,6.9,1.71,-65.14,10.52,0.09,-1.9,0.86,676102000.0,467384000.0
KLBN3,3.34,ON N2,09/04/2020,KLABIN ON N2,2.58,Madeira e Papel,4.65,Papel e Celulose,1611880.0,18068700000.0,31/12/2019,32423100000.0,5409800000.0,-1.76,26.74,0.12,0.91,2.99,1.12,-15.23,9.46,33.3,-29.67,1.76,18.6,-21.52,0.52,7.0,1.0,1.71,5.5,-10.34,-1.24,8.0,-14.13,5.2,11.2,-27.65,7.9,4.4,150.17,16.98,3.98,16.5,0.3,34703100000.0,6046880000.0
KLBN4,3.17,PN N2,09/04/2020,KLABIN PN N2,2.55,Madeira e Papel,4.39,Papel e Celulose,7768070.0,17149100000.0,31/12/2019,31503400000.0,5409800000.0,-1.86,25.38,0.12,-1.55,2.84,1.12,-18.72,8.98,33.3,11.54,1.67,18.6,-10.62,0.49,7.0,31.67,1.62,5.5,-3.89,-1.18,8.0,14.12,5.4,11.2,-22.01,7.68,4.4,40.09,16.5,3.98,16.5,0.3,34703100000.0,6046880000.0
KLBN11,16.0,UNT N2,09/04/2020,KLABIN UNT N2,12.81,Madeira e Papel,22.06,Papel e Celulose,154771000.0,17311400000.0,31/12/2019,31665700000.0,5409800000.0,-1.48,25.62,0.62,0.06,2.86,5.59,-18.33,9.07,33.3,-0.59,1.69,18.6,-13.0,0.5,7.0,21.76,1.64,5.5,-4.93,-1.19,8.0,2.89,5.4,11.2,-22.24,7.72,4.4,67.64,16.58,3.98,16.5,0.3,34703100000.0,6046880000.0
LLIS3,5.75,ON,09/04/2020,LE LIS BLANC DEUX ON,3.86,Comércio,30.19,"Tecidos, Vestuário e Calçados",1575610.0,395893000.0,31/12/2019,1399710000.0,68851000.0,1.95,-2.05,-2.8,-2.71,0.17,33.15,-54.0,-2.01,47.5,-79.71,0.41,-20.7,-66.18,0.09,-20.2,-35.53,-2.59,-4.6,-12.16,-0.39,-5.7,46.94,6.2,-8.5,70.82,-50.15,0.87,-74.48,-7.1,0.65,-3.3,0.22,4284090000.0,2282310000.0
LIGT3,10.6,ON,09/04/2020,LIGHT SA ON,7.3,Energia Elétrica,24.51,Energia Elétrica,62286200.0,3221700000.0,31/12/2019,10310200000.0,303934000.0,3.41,2.43,4.37,9.84,0.52,20.5,-44.21,2.34,25.0,-48.37,0.24,10.3,-55.39,0.14,9.9,45.32,18.24,5.8,-0.3,-0.26,7.0,-3.87,1.2,21.3,76.24,5.26,1.03,-38.62,7.5,1.41,7.0,0.56,23843800000.0,6230540000.0
LINX3,22.47,ON NM,09/04/2020,LINX ON NM,16.65,Programas e Serviços,38.38,Programas e Serviços,48497700.0,4256020000.0,31/12/2019,3614100000.0,189409000.0,-0.88,109.48,0.21,34.96,2.38,9.45,-13.58,28.11,65.5,-39.37,5.4,19.2,-36.56,1.66,4.9,9.15,4.58,5.9,53.86,8.09,9.7,24.94,0.6,2.2,18.62,13.33,3.51,-12.7,23.87,0.19,15.6,0.31,2563940000.0,1789840000.0
RENT3,30.15,ON,09/04/2020,LOCALIZA RENT A CAR ON,23.31,Diversos,55.4,Aluguel de Carros,379650000.0,22867800000.0,31/12/2019,29416300000.0,758467000.0,-5.49,27.42,1.1,14.64,4.2,7.18,-24.09,15.07,24.6,4.29,2.24,14.9,-36.27,1.18,8.2,68.75,23.53,7.8,36.13,-2.42,10.8,105.4,1.3,15.3,41.42,13.13,1.28,-28.48,19.38,1.72,28.2,0.53,19393000000.0,5447530000.0
LCAM3,12.33,ON NM,09/04/2020,LOCAMERICA ON NM,8.21,Diversos,25.49,Aluguel de Carros,86634200.0,6272630000.0,31/12/2019,8931800000.0,508729000.0,-1.99,18.55,0.66,18.52,1.61,7.67,-24.88,7.86,27.5,2.29,1.31,16.6,-45.1,0.57,7.0,84.33,7.43,7.2,101.64,-1.56,11.2,230.27,2.7,8.7,96.79,7.04,1.37,-8.73,11.19,1.2,67.8,0.43,11048000000.0,3904410000.0
LWSA3,19.96,ON NM,09/04/2020,LOCAWEB ON NM,10.2,Programas e Serviços,25.5,Programas e Serviços,26382200.0,2498430000.0,31/12/2019,2652300000.0,125172000.0,5.0,138.26,0.14,10.89,28.28,0.71,14.06,53.46,41.8,-3.11,6.48,12.1,-3.11,4.86,4.7,0.0,-40.48,9.1,0.0,-10.02,10.0,0.0,0.0,20.5,0.0,26.35,0.74,0.0,56.76,2.11,22.5,0.75,514013000.0,88333000.0
LOGG3,20.81,ON NM,09/04/2020,LOG COM PROP ON NM,15.54,Exploração de Imóveis,34.4,Exploração de Imóveis,13826900.0,2125930000.0,31/12/2019,2508350000.0,102159000.0,-1.56,23.57,0.88,-4.98,0.72,28.77,-6.68,21.29,98.3,15.23,16.6,78.0,-35.89,0.53,72.9,81.44,2.87,2.5,2.99,-13.09,2.9,0.0,0.5,3.1,0.0,24.93,6.69,0.0,25.11,0.3,7.5,0.03,3988730000.0,2938960000.0
LOGN3,12.93,ON NM,09/04/2020,Log-In ON NM,8.1,Transporte,25.7,Transporte Hidroviário,29469200.0,1347300000.0,31/12/2019,1940410000.0,104199000.0,5.64,121.06,0.11,-9.33,4.25,3.04,-16.31,12.38,18.8,42.87,1.28,10.3,-38.13,0.7,1.1,167.95,2.32,5.7,155.74,-1.97,9.7,36.16,0.0,3.5,-57.58,9.35,2.76,-60.95,17.83,3.96,2.1,0.55,1912080000.0,316927000.0
LAME3,16.97,ON,09/04/2020,LOJAS AMERICANAS S.A. ON,11.79,Comércio,24.62,Produtos Diversos,30043100.0,27505800000.0,31/12/2019,34727700000.0,1620850000.0,-2.13,39.07,0.43,17.44,5.32,3.19,-6.19,12.0,36.4,36.71,1.45,12.1,-13.81,0.83,3.1,33.11,3.29,6.9,15.09,-3.94,13.8,5.15,1.1,13.6,20.85,9.47,1.79,-5.42,15.14,3.45,0.9,0.57,33269000000.0,5167630000.0
LAME4,21.3,PN,09/04/2020,LOJAS AMERICANAS S.A. PN,14.45,Comércio,29.06,Produtos Diversos,210933000.0,34524100000.0,31/12/2019,41746000000.0,1620850000.0,-2.7,49.04,0.43,18.33,6.68,3.19,-2.78,15.06,36.4,36.98,1.82,12.1,-17.79,1.04,3.1,33.14,4.13,6.9,15.97,-4.95,13.8,0.48,0.8,13.6,5.63,11.39,1.79,14.9,18.21,3.45,0.9,0.57,33269000000.0,5167630000.0
AMAR3,5.22,ON NM,09/04/2020,LOJAS MARISA ON NM,3.75,Comércio,15.28,"Tecidos, Vestuário e Calçados",43791900.0,1365900000.0,31/12/2019,2159910000.0,261667000.0,9.89,-12.16,-0.43,13.48,0.96,5.43,-50.33,3.47,46.2,-26.38,0.47,13.7,-60.69,0.34,-3.9,155.88,1.65,9.8,-28.41,-6.08,14.3,21.64,0.0,-7.9,22.89,2.99,1.54,-63.23,5.48,1.07,-2.2,0.72,4020070000.0,1420010000.0
LREN3,36.58,ON,09/04/2020,RENNER ON,30.0,Comércio,60.76,"Tecidos, Vestuário e Calçados",395638000.0,29101500000.0,31/12/2019,29374200000.0,795558000.0,-3.1,26.48,1.38,9.0,6.19,5.91,-20.34,11.93,61.1,-4.31,3.04,25.4,-34.78,2.47,11.5,47.5,15.42,20.7,20.89,-67.53,26.1,70.91,1.5,23.4,38.28,9.27,1.4,13.91,12.04,0.35,12.3,0.81,11791700000.0,4704610000.0
LPSB3,3.62,ON NM,09/04/2020,LOPES BRASIL ON NM,3.05,Construção e Engenharia,10.27,Intermediação Imobiliária,5414360.0,534148000.0,31/12/2019,388029000.0,147555000.0,-3.72,-124.74,-0.03,1.97,2.99,1.21,-27.6,26.63,83.7,-22.65,3.62,13.6,-62.01,1.32,-1.9,50.79,4.29,4.9,13.06,-15.22,8.2,43.33,0.0,-2.4,74.11,9.46,2.83,-64.16,19.34,0.05,-9.1,0.36,405272000.0,178592000.0
MDIA3,30.65,ON NM,09/04/2020,M.DIASBRANCO ON NM,26.78,Alimentos,45.0,Alimentos Diversos,58347000.0,10390300000.0,31/12/2019,11005300000.0,339000000.0,-2.01,18.66,1.64,5.33,1.72,17.8,-17.83,19.45,35.4,-27.39,1.7,8.8,-19.21,1.28,9.1,-10.86,8.89,6.6,-17.18,40.63,7.0,37.26,0.8,9.2,75.03,14.34,2.01,-23.99,20.61,0.16,7.0,0.75,8101030000.0,6034950000.0
MGLU3,41.65,ON NM,09/04/2020,MAGAZ LUIZA ON NM,19.94,Comércio,58.85,Eletrodomésticos,789875000.0,67670100000.0,31/12/2019,63765000000.0,1624730000.0,-0.74,73.41,0.57,6.82,8.95,4.66,3.2,73.45,27.9,101.23,3.4,4.6,-12.63,3.42,4.6,112.19,13.99,4.7,126.39,110.03,10.1,509.21,0.4,12.2,503.78,45.28,1.6,-69.67,69.21,0.11,23.2,1.0,19791100000.0,7564940000.0
POMO4,2.43,PN N2,09/04/2020,MARCOPOLO PN N2,2.15,Material de Transporte,5.49,Material Rodoviário,31894000.0,2300950000.0,31/12/2019,2929540000.0,946893000.0,-2.41,11.43,0.21,-1.62,1.0,2.44,-43.08,9.56,15.1,-32.31,0.53,5.6,-44.95,0.44,4.9,11.94,1.74,4.6,5.24,-49056.6,6.6,45.8,5.5,8.7,55.03,8.96,1.87,-37.87,12.18,0.78,15.0,0.83,5193680000.0,2310080000.0
MRFG3,8.86,ON NM,09/04/2020,Marfrig ON NM,6.29,Alimentos,13.99,Carnes e Derivados,192842000.0,6302740000.0,31/12/2019,20132700000.0,711370000.0,-1.01,28.9,0.31,0.11,10.19,0.87,3.38,1.76,13.1,30.87,0.13,7.3,-11.04,0.2,3.2,82.42,1.66,11.3,-25.41,-0.41,17.6,10.74,0.0,35.3,4.09,4.22,1.36,12.19,5.63,35.95,26.2,1.54,31572000000.0,618565000.0
LEVE3,17.0,ON,09/04/2020,MAHLE METAL LEVE ON,15.1,Material de Transporte,32.77,Material Rodoviário,10460500.0,2181240000.0,31/12/2019,2431530000.0,128308000.0,-1.96,8.42,2.02,-3.08,1.67,10.16,-28.12,5.6,25.3,-23.18,0.86,15.4,-40.81,0.94,10.1,24.46,4.28,16.7,12.66,33.0,19.4,17.98,12.6,19.9,-14.19,5.02,1.87,26.34,6.25,0.32,2.3,1.09,2327650000.0,1303550000.0
MILS3,4.71,ON NM,09/04/2020,MILLS ON NM,3.36,Construção e Engenharia,10.85,Construção Civil,11777500.0,1186290000.0,31/12/2019,1211590000.0,251866000.0,1.51,-26.37,-0.18,22.02,1.07,4.4,-30.94,-37.66,35.7,-2.08,2.7,-7.2,-54.93,0.86,-10.2,144.16,9.0,-2.3,3.88,31.65,-2.6,5.37,0.0,-4.1,46.99,9.27,1.76,-71.73,-38.46,0.14,-7.8,0.32,1375900000.0,1107370000.0
BEEF3,8.63,ON NM,09/04/2020,Minerva ON NM,6.6,Alimentos,15.65,Carnes e Derivados,77868500.0,4190560000.0,31/12/2019,10198600000.0,485580000.0,-0.92,259.37,0.03,8.55,-14.88,-0.58,1.05,2.86,19.2,15.84,0.24,8.6,-32.79,0.32,0.1,157.32,1.59,11.1,-53.15,-0.8,19.8,-9.9,0.0,-5.7,-8.58,5.89,1.47,40.24,6.95,-37.2,18.4,1.29,13233700000.0,-281662000.0
MTRE3,10.9,ON NM,09/04/2020,MITRE REALTY ON NM,9.55,Construção e Engenharia,20.8,Construção Civil,17042600.0,1152950000.0,31/12/2019,1240400000.0,105775000.0,5.93,36.09,0.3,-0.91,18.22,0.6,-9.77,24.74,31.8,-47.6,3.7,14.9,-47.6,2.91,10.3,0.0,14.62,11.8,0.0,-37.65,13.3,0.0,0.0,50.5,0.0,25.76,1.35,0.0,26.61,1.93,107.6,0.79,396035000.0,63281000.0
MDNE3,6.43,ON NM,09/04/2020,MOURA DUBEUX ON NM,4.31,Construção e Engenharia,18.5,Construção Civil,18171800.0,545965000.0,31/12/2019,1658040000.0,84909000.0,7.17,-5.67,-1.13,4.05,6.7,0.96,-49.77,6.43,39.7,-65.24,1.34,20.8,-65.24,0.24,-24.3,0.0,-12.57,3.8,0.0,-0.56,3.9,0.0,0.0,-118.3,0.0,18.86,0.96,0.0,19.51,14.02,-18.4,0.18,2242400000.0,81438000.0
MOVI3,9.86,ON NM,09/04/2020,MOVIDA ON NM,7.71,Diversos,22.49,Aluguel de Carros,51623400.0,2947360000.0,31/12/2019,5044440000.0,298921000.0,1.54,12.94,0.76,21.88,1.28,7.7,-29.06,5.86,24.5,-7.68,0.77,13.1,-48.14,0.41,5.9,125.74,-10.16,6.9,27.18,-0.98,10.5,-3.34,3.7,9.9,0.0,6.49,0.87,0.0,10.03,1.37,29.6,0.53,7242820000.0,2301000000.0
MRVE3,13.36,ON NM,09/04/2020,MRV ON NM,10.28,Construção e Engenharia,22.35,Construção Civil,106554000.0,6438910000.0,31/12/2019,8966140000.0,481954000.0,3.49,9.33,1.43,9.15,1.33,10.05,-12.96,7.17,30.4,3.09,1.06,14.8,-38.0,0.44,12.3,85.62,1.29,6.1,6.12,-3.62,6.6,43.57,7.7,14.3,29.81,9.1,2.78,20.53,9.98,0.66,7.5,0.41,14686300000.0,4841770000.0
MULT3,19.56,ON N2,09/04/2020,Multiplan ON N2,17.2,Exploração de Imóveis,35.52,Exploração de Imóveis,160113000.0,11750900000.0,31/12/2019,13946400000.0,600761000.0,-3.02,24.95,0.78,2.52,2.1,9.3,-27.26,15.04,79.2,-13.31,9.0,59.8,-40.68,1.23,35.9,38.09,30.08,8.2,4.35,-4.41,9.2,21.86,2.4,8.4,57.35,13.92,1.42,-12.04,17.85,0.56,5.2,0.14,9576750000.0,5587670000.0
NEOE3,17.2,ON NM,09/04/2020,NEOENERGIA ON NM,14.9,Energia Elétrica,27.53,Energia Elétrica,83165800.0,20877300000.0,31/12/2019,39475400000.0,1213800000.0,0.88,9.37,1.84,0.06,1.1,15.63,-21.46,4.43,22.4,3.45,0.73,16.5,-30.44,0.39,8.1,48.72,6.18,8.7,0.0,-0.95,10.0,0.0,2.7,11.7,0.0,6.39,1.35,0.0,8.39,1.19,20.5,0.52,54214800000.0,18974900000.0
OIBR3,0.51,ON N1,09/04/2020,OI ON N1,0.44,Telefonia Fixa,1.78,Telefonia Fixa,143207000.0,3036640000.0,31/12/2019,18997600000.0,5954210000.0,0.0,-0.34,-1.51,2.0,0.17,2.96,-36.25,-2.01,23.9,-65.31,0.15,-7.5,-40.7,0.04,-45.2,-31.2,0.49,-2.1,-53.87,-0.08,-2.4,38.27,0.0,-51.0,9.5,3.54,1.52,-73.72,-12.59,1.03,-7.5,0.28,71891800000.0,17650300000.0
OIBR4,0.92,ON N1,09/04/2020,OI ON N1,0.85,Telefonia Fixa,1.79,Telefonia Fixa,3073830.0,5477870000.0,31/12/2019,21438800000.0,5954210000.0,2.22,-0.61,-1.51,-1.08,0.31,2.96,-18.58,-3.63,23.9,-39.47,0.27,-7.5,-25.2,0.08,-45.2,-2.38,0.89,-2.1,-50.39,-0.15,-2.4,53.94,0.0,-51.0,15.38,4.0,1.52,-76.82,-14.21,1.03,-7.5,0.28,71891800000.0,17650300000.0
OMGE3,30.23,ON NM,09/04/2020,OMEGA GER ON NM,20.0,Energia Elétrica,43.0,Energia Elétrica,21286400.0,5138040000.0,31/12/2019,8157580000.0,169965000.0,-2.48,189.25,0.16,11.22,1.82,16.57,-11.09,14.4,39.2,45.48,5.07,35.2,-17.18,0.71,3.2,109.17,5.45,4.9,0.23,-1.64,5.7,6.09,0.0,1.0,0.0,15.0,3.81,0.0,22.86,1.42,69.1,0.14,7262470000.0,2816510000.0
PCAR3,63.3,ON,09/04/2020,PÃO DE AÇÚCAR ON,57.69,Comércio e Distribuição,100.0,Alimentos,83061500.0,16967300000.0,31/12/2019,23207300000.0,268046000.0,-4.09,21.48,2.95,-4.58,1.55,40.81,-3.06,4.43,21.5,-31.8,0.3,6.8,-28.78,0.29,1.5,5.6,-5.23,6.6,1.26,-0.69,10.9,80.77,0.2,7.2,-14.99,4.31,0.86,-24.78,6.06,1.3,-2.2,0.98,57991000000.0,10940000000.0
PMAM3,9.45,ON,09/04/2020,PARANAPANEMA S.A. ON,7.49,Siderurgia e Metalurgia,43.5,Artefatos de Cobre,3407360.0,410168000.0,31/12/2019,2491300000.0,43404000.0,3.5,-16.36,-0.58,-12.98,0.66,14.32,-46.76,-5.93,1.2,-61.4,0.08,-1.3,-67.51,0.11,-0.5,22.23,1.83,-1.8,-11.95,-0.25,-2.1,4.61,0.0,-4.0,-27.62,29.96,1.17,-6.25,-36.02,3.56,-0.2,1.35,3870090000.0,621396000.0
PETR3,16.86,ON,09/04/2020,PETROBRAS ON,11.05,"Petróleo, Gás e Biocombustíveis",33.28,Exploração e/ou Refino e Distribuição,852007000.0,219930000000.0,31/12/2019,537797000000.0,13044500000.0,-3.66,5.48,3.08,19.24,0.74,22.66,-0.35,2.29,40.4,-47.28,0.73,31.8,-47.31,0.24,13.6,27.74,-54.36,10.4,51.54,-0.43,11.0,-0.18,3.0,13.6,97.38,3.38,0.97,-4.55,5.6,1.19,0.9,0.33,926011000000.0,295541000000.0
PETR4,16.82,PN,09/04/2020,PETROBRAS PN,11.29,"Petróleo, Gás e Biocombustíveis",30.81,Exploração e/ou Refino e Distribuição,1987660000.0,219408000000.0,31/12/2019,537275000000.0,13044500000.0,-2.89,5.47,3.08,20.23,0.74,22.66,4.8,2.29,40.4,-40.68,0.73,31.8,-44.27,0.24,13.6,36.87,-54.23,10.4,45.91,-0.43,11.0,8.29,5.6,13.6,121.32,3.37,0.97,-28.15,5.6,1.19,0.9,0.33,926011000000.0,295541000000.0
BRDT3,19.42,ON NM,09/04/2020,PETROBRAS BR ON NM,13.74,"Petróleo, Gás e Biocombustíveis",31.09,Exploração e/ou Refino e Distribuição,194687000.0,22624300000.0,31/12/2019,27037300000.0,1165000000.0,1.68,10.23,1.9,25.21,2.58,7.52,-12.52,10.91,6.3,-8.35,0.24,2.2,-35.42,0.87,2.3,30.51,6.24,8.0,59.12,-4.64,9.8,6.94,13.5,25.2,0.0,10.4,1.42,0.0,13.04,0.77,4.3,3.67,25866000000.0,8766000000.0
PRIO3,24.7,ON,09/04/2020,PETRORIO ON,10.35,"Petróleo, Gás e Biocombustíveis",48.8,Exploração e/ou Refino e Distribuição,141404000.0,3573740000.0,31/12/2019,5085710000.0,144686000.0,-11.75,5.62,4.4,47.9,1.9,12.98,9.83,7.67,39.7,37.15,2.17,28.3,-25.29,0.65,38.7,233.27,-15.16,8.5,21.27,-1.66,10.0,275.23,0.0,33.9,77.24,5.53,0.86,-44.09,10.91,1.17,56.8,0.3,5483790000.0,1878370000.0
PTBL3,2.25,ON,09/04/2020,PORTOBELLO S/A ON,1.78,Construção e Engenharia,6.7,Materiais de Construção,6403090.0,356600000.0,31/12/2019,877129000.0,158489000.0,-1.75,27.16,0.08,0.9,0.97,2.32,-44.99,23.29,32.5,-53.7,0.32,1.4,-58.1,0.19,1.2,6.55,1.48,0.8,-1.75,-0.58,1.1,175.81,0.0,3.6,0.54,12.7,1.39,-52.93,57.29,2.17,1.4,0.61,1836290000.0,367620000.0
POSI3,3.27,ON NM,09/04/2020,POSITIVO INF ON NM,2.2,Computadores e Equipamentos,11.47,Computadores e Equipamentos,17613400.0,463686000.0,31/12/2019,715096000.0,141800000.0,-3.54,28.17,0.12,-6.03,0.88,3.72,-24.83,4.88,25.1,43.42,0.24,5.0,-67.91,0.24,1.1,354.91,1.58,4.9,-27.97,7.57,8.6,12.27,0.0,3.1,63.91,5.13,1.25,-13.33,7.53,1.35,1.9,0.98,1945400000.0,527024000.0
PRNR3,8.85,ON NM,09/04/2020,PRINER ON NM,7.55,Serviços,14.97,Serviços Diversos,5781270.0,336698000.0,31/12/2019,378200000.0,38045000.0,5.86,-55.12,-0.16,9.94,4.53,1.95,-25.0,48.36,14.1,-33.96,0.97,2.0,-33.96,1.41,-3.1,0.0,10.3,2.9,0.0,-9.08,3.8,0.0,0.2,-8.2,0.0,14.18,1.34,0.0,54.32,1.16,21.3,1.46,239541000.0,74328000.0
PFRM3,4.29,ON NM,09/04/2020,PROFARMA ON NM,3.1,Comércio e Distribuição,7.69,Medicamentos,2880600.0,531158000.0,31/12/2019,973493000.0,123813000.0,0.23,44.34,0.1,-0.23,0.53,8.11,-9.68,2.92,15.4,-0.23,0.11,3.8,-33.69,0.17,0.2,64.63,1.02,5.7,-44.88,-6.4,9.6,-8.94,0.0,1.2,70.96,3.13,1.33,-42.24,5.35,0.67,7.2,1.51,3183390000.0,1004630000.0
QUAL3,24.05,ON NM,09/04/2020,QUALICORP ON NM,13.08,Saúde,44.99,"Serviços Médico - Hospitalares, Análises e Diagnósticos",149525000.0,6830540000.0,31/12/2019,7669130000.0,284014000.0,-4.6,17.39,1.38,1.91,4.79,5.02,-15.91,8.67,81.1,78.68,3.41,39.3,-35.18,2.02,19.6,242.88,15.02,23.3,-56.89,-6.65,29.8,69.25,19.9,27.5,51.48,6.56,1.97,-41.13,9.73,0.93,2.8,0.59,3380060000.0,1426840000.0
RADL3,101.96,ON,09/04/2020,RAIADROGASIL ON,63.41,Comércio e Distribuição,128.45,Medicamentos,249890000.0,33686200000.0,31/12/2019,34513400000.0,330386000.0,0.56,43.62,2.34,0.11,8.37,12.18,-11.92,37.01,29.6,52.35,1.92,5.2,-8.57,2.75,4.5,96.69,20.08,7.4,-37.26,-13.94,9.8,51.16,0.6,19.2,73.98,17.95,1.41,41.97,37.92,0.28,17.8,1.43,12248300000.0,4025010000.0
RAPT4,6.66,PN N1,09/04/2020,RANDON S.A. IMPLEMENTOS E PARTICIPAÇÕES PN N1,4.85,Material de Transporte,14.92,Material Rodoviário,44803700.0,2302870000.0,31/12/2019,3183380000.0,345776000.0,-0.15,9.3,0.72,22.2,1.36,4.89,-16.85,4.14,24.7,-27.2,0.45,10.9,-50.3,0.36,5.9,49.05,1.02,8.8,30.98,-5.84,14.0,109.67,5.4,14.6,44.54,4.47,2.49,-46.37,5.72,1.69,15.9,0.8,6328110000.0,1692540000.0
RAIL3,19.47,ON NM,09/04/2020,ALL - AMÉRICA LATINA LOGÍSTICA S/A ON NM,14.29,Transporte,26.87,Transporte Ferroviário,290029000.0,30354000000.0,31/12/2019,40110800000.0,1559020000.0,0.46,39.0,0.5,-0.92,3.64,5.35,12.22,14.63,35.0,7.99,4.28,29.3,-25.4,0.92,11.1,53.53,15.87,6.3,31.07,-1.58,6.8,111.24,0.0,9.3,-1.6,10.58,1.63,-53.05,19.33,1.4,16.1,0.22,32832700000.0,8344280000.0
SBSP3,41.78,ON NM,09/04/2020,SABESP ON NM,30.55,Água e Saneamento,66.47,Água e Saneamento,197430000.0,28557000000.0,31/12/2019,39548500000.0,683510000.0,3.42,8.48,4.93,6.83,1.32,31.65,-19.65,4.99,43.6,6.75,1.59,31.8,-31.01,0.61,18.7,96.3,-18.34,12.3,-5.95,-1.43,13.1,23.08,2.8,15.6,53.43,5.27,0.76,14.58,6.91,0.61,10.4,0.39,46457800000.0,21635800000.0
SAPR3,5.13,ON,09/04/2020,SANEPAR ON,4.07,Água e Saneamento,8.0,Água e Saneamento,1099060.0,7752480000.0,31/12/2019,10558900000.0,1511210000.0,-0.39,7.18,0.71,5.77,1.26,4.09,-14.51,4.04,60.6,-18.58,1.64,40.6,-10.29,0.65,22.9,7.74,-64.26,16.1,42.29,-1.69,16.8,118.69,5.2,17.5,65.81,4.68,0.91,-47.74,5.5,0.5,11.7,0.4,11939600000.0,6173910000.0
SAPR4,4.9,PN,09/04/2020,SANEPAR PN,3.98,Água e Saneamento,7.35,Água e Saneamento,14987800.0,7404910000.0,31/12/2019,10211300000.0,1511210000.0,0.41,6.86,0.71,1.87,1.2,4.09,-21.65,3.86,60.6,7.05,1.57,40.6,-29.36,0.62,22.9,109.55,-61.38,16.1,-3.18,-1.61,16.8,14.68,6.0,17.5,260.96,4.53,0.91,-37.41,5.32,0.5,11.7,0.4,11939600000.0,6173910000.0
SAPR11,25.0,UNT N2,09/04/2020,SANEPAR UNT N2,19.86,Água e Saneamento,37.2,Água e Saneamento,72284800.0,7556030000.0,31/12/2019,10362400000.0,1511210000.0,1.21,7.0,3.57,4.82,1.22,20.43,-19.67,3.94,60.6,1.14,1.6,40.6,-25.07,0.63,22.9,74.11,-62.63,16.1,8.29,-1.64,16.8,-0.96,5.7,17.5,0.0,4.59,0.91,0.0,5.4,0.5,11.7,0.4,11939600000.0,6173910000.0
STBP3,4.0,ON NM,09/04/2020,SBPAR ON NM,3.02,Transporte,8.45,Serviços de Apoio e Armazenagem,23025600.0,2679190000.0,31/12/2019,2690150000.0,669798000.0,0.0,174.26,0.02,-10.71,1.98,2.02,-19.19,45.07,25.7,8.11,2.75,6.1,-51.1,0.84,1.6,93.38,7.39,1.9,24.78,-2.15,2.2,41.25,0.1,1.1,-13.04,13.79,2.54,0.0,45.26,0.32,1.2,0.3,3196120000.0,1352380000.0
SMTO3,17.01,ON NM,09/04/2020,SAO MARTINHO ON NM,12.3,Alimentos,29.75,Alimentos Diversos,42042600.0,6021730000.0,31/12/2019,10503700000.0,354011000.0,5.33,10.35,1.64,15.09,1.63,10.44,-8.05,9.27,27.2,-9.71,1.64,17.7,-28.29,0.52,15.9,34.24,2.5,5.6,-3.28,-1.49,6.4,0.55,3.9,15.8,29.05,4.1,2.75,27.19,16.17,1.58,13.4,0.32,11507800000.0,3695000000.0
SHUL4,7.35,PN,09/04/2020,SCHULZ PN,5.91,Máquinas e Equipamentos,16.58,"Motores, Compressores e Outros",5960540.0,656678000.0,31/12/2019,875130000.0,89344000.0,0.55,6.76,1.09,1.24,1.06,6.94,-37.61,7.94,21.8,1.8,0.62,7.8,-27.44,0.47,9.2,49.41,1.27,5.9,47.39,8.13,8.1,66.07,3.6,15.7,12.6,7.06,2.51,-16.89,10.58,0.86,15.9,0.76,1397290000.0,620101000.0
SEER3,16.5,ON NM,09/04/2020,SER EDUCA ON NM,13.03,Diversos,33.46,Educacional,21206600.0,2123910000.0,31/12/2019,1999630000.0,128722000.0,-1.67,15.57,1.06,9.05,1.62,10.17,-25.68,8.31,54.5,-9.24,1.66,20.0,-40.54,0.83,10.7,98.36,8.92,10.0,-48.98,-3.5,11.5,71.05,15.5,10.4,147.38,5.18,1.59,-71.95,7.83,0.14,5.8,0.5,2559160000.0,1308490000.0
CSNA3,7.17,ON,09/04/2020,CSN ON,5.8,Siderurgia e Metalurgia,17.84,Siderurgia,144514000.0,9948550000.0,31/12/2019,34193500000.0,1387520000.0,-3.24,5.56,1.29,2.72,0.98,7.33,-13.61,1.87,32.1,-54.07,0.39,20.9,-49.19,0.2,8.8,70.82,9.0,10.5,13.31,-0.37,12.1,-22.78,13.2,17.6,170.49,5.0,1.1,-17.1,6.43,2.75,13.9,0.5,50869300000.0,10174500000.0
SQIA3,17.2,ON,09/04/2020,SINQIA ON,9.0,Programas e Serviços,29.49,Programas e Serviços,20658200.0,1213440000.0,31/12/2019,932659000.0,70549000.0,5.65,-265.0,-0.06,9.41,2.81,6.12,0.94,-1389.97,33.0,81.63,6.93,-0.5,-29.8,1.96,-2.6,287.66,3.55,-0.1,-4.53,5.93,-0.3,93.57,0.1,-1.1,54.75,64.32,7.63,11.06,-1068.34,0.2,24.7,0.28,619992000.0,431461000.0
SLCE3,20.36,ON NM,09/04/2020,SLC Agricola ON NM,16.12,Agropecuária,25.99,Agricultura,28408900.0,3880510000.0,31/12/2019,4855510000.0,190595000.0,2.21,12.46,1.63,-10.31,1.39,14.61,2.52,7.36,25.8,0.2,1.28,17.3,-17.9,0.56,10.4,24.19,3.71,7.6,64.77,-4.4,10.2,102.68,4.7,11.2,-8.42,7.67,1.51,22.98,9.21,0.67,17.6,0.44,6958130000.0,2784680000.0
SULA11,39.3,UNT N2,09/04/2020,Sul America UNT N2,26.34,Previdência e Seguros,66.76,Seguradoras,211677000.0,15490300000.0,31/12/2019,270494000.0,1182460000.0,-3.56,13.1,3.0,16.27,2.17,18.13,-5.9,16.66,12.8,25.33,0.71,4.3,-34.03,0.55,5.4,115.16,1.57,3.3,57.05,-15.58,8.1,21.32,1.6,16.5,-0.41,0.26,1.95,56.64,0.29,0.24,9.7,0.76,28412500000.0,7145830000.0
SUZB3,35.4,ON,09/04/2020,Suzano Papel ON,24.62,Madeira e Papel,44.94,Papel e Celulose,345985000.0,48188700000.0,31/12/2019,102473000000.0,1361260000.0,-6.74,-17.1,-2.07,-1.09,2.68,13.2,-6.72,22.0,20.3,-19.95,1.85,8.4,-10.79,0.49,-10.8,5.34,6.51,2.2,104.73,-0.79,2.5,36.5,1.3,-15.7,-22.35,15.45,1.65,72.91,46.77,3.54,24.3,0.27,97908200000.0,17972600000.0
TASA4,3.88,PN,09/04/2020,TAURUS ARMAS PN,2.31,Máquinas e Equipamentos,6.57,Armas e Munições,3767440.0,343240000.0,31/12/2019,1057240000.0,88464000.0,-0.77,7.9,0.49,4.86,-1.13,-3.44,3.19,4.53,34.1,6.3,0.34,7.6,-35.23,0.32,4.3,47.9,5.32,7.1,131.43,-0.51,8.3,19.05,0.0,-14.3,59.78,10.78,1.1,-72.46,13.96,-2.46,4.1,0.94,1066440000.0,-304621000.0
TCSA3,0.68,ON NM,09/04/2020,TECNISA ON NM,0.6,Construção e Engenharia,2.19,Construção Civil,38736800.0,500611000.0,31/12/2019,523788000.0,736192000.0,1.49,-1.94,-0.35,-8.11,0.53,1.28,-44.26,-9.58,8.6,-48.09,1.37,-14.3,-62.84,0.29,-71.7,26.21,1.32,-3.0,-29.61,-12.4,-3.8,-3.74,0.0,-27.4,-4.46,-11.83,2.08,-24.32,-10.02,0.37,-27.0,0.21,1718540000.0,940565000.0
TGMA3,17.71,ON NM,09/04/2020,Tegma ON NM,16.07,Transporte,41.27,Transporte Rodoviário,13125900.0,1168910000.0,31/12/2019,1319660000.0,66003000.0,-2.37,6.03,2.94,-14.4,2.03,8.71,-33.17,5.8,21.3,-30.9,0.87,14.9,-52.96,1.19,14.4,44.2,6.48,20.4,45.95,30.18,22.8,166.22,8.9,33.7,63.5,5.81,1.67,-69.58,6.55,0.38,6.9,1.37,985421000.0,575079000.0
VIVT3,50.86,ON,09/04/2020,TELEF BRASIL ON,39.22,Telefonia Fixa,56.66,Telefonia Fixa,5734070.0,86003500000.0,31/12/2019,96434800000.0,1690980000.0,-2.0,17.2,2.96,0.66,1.22,41.67,6.92,12.45,49.9,26.41,1.94,15.6,5.69,0.79,11.3,25.84,94.24,6.4,8.82,-4.48,7.0,20.82,6.3,7.1,11.47,5.41,1.05,-3.87,13.96,0.2,2.1,0.41,108290000000.0,70455600000.0
VIVT4,50.8,PN,09/04/2020,TELEF BRASIL PN,43.37,Telefonia Fixa,61.02,Telefonia Fixa,174130000.0,85902000000.0,31/12/2019,96333300000.0,1690980000.0,-3.2,17.18,2.96,2.89,1.22,41.67,-3.25,12.43,49.9,11.65,1.94,15.6,-10.8,0.79,11.3,32.68,94.13,6.4,3.38,-4.48,7.0,16.83,6.9,7.1,28.03,5.4,1.05,-17.9,13.94,0.2,2.1,0.41,108290000000.0,70455600000.0
TEND3,22.9,ON NM,09/04/2020,Tenda ON NM,16.12,Construção e Engenharia,39.58,Construção Civil,47725800.0,2389480000.0,31/12/2019,2189460000.0,104344000.0,1.28,9.07,2.53,11.06,1.77,12.94,-23.41,6.49,33.2,43.04,1.23,18.9,-24.15,0.69,13.6,93.03,1.24,10.6,63.6,6.29,15.6,36.38,2.6,19.5,0.0,5.47,4.33,0.0,5.94,0.64,23.7,0.56,3478480000.0,1350620000.0
TIMP3,13.31,ON,09/04/2020,TIM PARTICIPAÇÕES S.A. ON,10.26,Telefonia Móvel,17.49,Telefonia Móvel,149583000.0,32223900000.0,31/12/2019,31313700000.0,2421030000.0,-1.7,8.9,1.5,6.99,1.44,9.27,-11.91,9.95,57.2,10.68,1.85,18.6,-14.61,0.8,20.8,36.74,95.72,8.0,-8.25,-3.41,9.7,69.24,3.1,16.1,17.33,3.74,1.04,-40.15,9.67,0.09,1.1,0.43,40348900000.0,22431800000.0
TOTS3,53.75,ON NM,09/04/2020,TOTVS ON NM,38.28,Programas e Serviços,83.72,Programas e Serviços,175564000.0,10354300000.0,31/12/2019,9266800000.0,192638000.0,-1.36,49.35,1.09,15.15,4.18,12.86,-7.84,11.84,67.4,29.59,4.54,38.3,-16.73,2.93,9.2,139.79,7.97,24.7,-8.47,10.94,45.2,25.64,0.8,8.5,-20.08,9.07,2.84,-10.83,10.6,0.18,4.3,0.65,3535930000.0,2477210000.0
TRPL4,19.18,PN N1,09/04/2020,TRANSMISSÃO PAULISTA PN N1,17.41,Energia Elétrica,24.79,Energia Elétrica,56733600.0,12637400000.0,31/12/2019,13266500000.0,658883000.0,0.68,7.17,2.68,1.11,1.07,17.9,-11.2,5.86,71.2,0.89,3.82,65.3,-15.06,0.59,53.8,38.19,3.81,10.0,22.95,-4.35,11.5,8.22,7.9,14.9,45.5,6.09,3.05,17.88,6.15,0.28,10.4,0.15,21599100000.0,11794300000.0
TRIS3,7.4,ON NM,09/04/2020,Trisul ON NM,4.46,Construção e Engenharia,17.1,Construção Civil,27826300.0,1380970000.0,31/12/2019,1198220000.0,186618000.0,5.41,9.86,0.75,2.07,1.32,5.6,-34.86,8.57,35.7,58.8,1.73,20.2,-51.63,0.77,18.9,283.46,1.42,9.0,107.81,1.91,12.6,48.84,1.4,13.4,3.2,7.38,3.15,-5.3,7.44,0.29,23.1,0.44,1798510000.0,1045080000.0
TUPY3,12.54,ON,09/04/2020,TUPY ON,10.49,Material de Transporte,26.77,Material Rodoviário,15700800.0,1807990000.0,31/12/2019,2451940000.0,144178000.0,-2.18,6.48,1.93,-4.42,0.76,16.56,-29.35,4.13,16.2,-29.03,0.35,8.5,-50.43,0.35,5.4,32.39,1.23,8.5,17.1,-13.16,12.0,62.23,1.4,11.7,-33.38,3.21,2.31,17.6,5.6,0.62,12.9,1.01,5124170000.0,2387400000.0
UGPA3,14.24,ON,09/04/2020,ULTRAPAR PARTICIPAÇÕES SA ON,10.69,Holdings Diversificadas,27.46,Holdings Diversificadas,196325000.0,15876400000.0,31/12/2019,26652300000.0,1114920000.0,3.79,42.5,0.34,13.65,1.68,8.48,-7.59,9.1,6.8,-35.51,0.18,2.0,-43.41,0.51,0.5,-1.77,1.61,5.6,-27.28,-2.52,7.5,12.38,3.1,3.9,15.92,9.23,2.9,22.18,15.28,1.69,5.0,2.86,31195500000.0,9458250000.0
UNIP6,23.85,PNB,09/04/2020,UNIPAR PARTICIPAÇÕES S.A. PNB,15.55,Químicos,42.61,Petroquímicos,7273190.0,2332960000.0,31/12/2019,2495820000.0,97818000.0,4.33,13.45,1.77,-0.63,1.58,15.06,3.16,6.09,26.8,-27.4,0.77,12.6,-33.21,0.63,5.7,13.87,5.52,10.3,173.41,-2.27,12.7,278.55,3.0,11.8,65.57,4.41,1.54,-1.61,6.52,0.46,47.6,0.82,3718820000.0,1473050000.0
USIM5,4.33,PNA N1,09/04/2020,USIMINAS PNA N1,3.8,Siderurgia e Metalurgia,11.11,Siderurgia,130788000.0,5425830000.0,31/12/2019,8610930000.0,1253080000.0,-1.37,25.44,0.17,-11.99,0.39,11.21,-34.39,4.68,12.5,-53.54,0.36,7.8,-54.47,0.21,2.5,4.74,0.91,4.4,1.79,-2.84,5.1,121.89,1.8,1.5,169.8,4.0,3.07,-67.4,7.43,0.36,13.3,0.57,26337000000.0,14043400000.0
VALE3,43.28,ON NM,09/04/2020,VALE ON NM,34.1,Mineração,57.36,Minerais Metálicos,1661740000.0,228712000000.0,31/12/2019,258928000000.0,5284470000.0,-0.53,-34.28,-1.26,0.14,1.42,30.56,14.41,3.64,43.6,-15.47,1.54,42.3,-18.8,0.62,-5.9,6.85,17.74,17.0,31.11,-1.59,19.4,62.56,3.3,-4.1,98.26,3.34,1.23,-35.73,4.12,0.37,15.7,0.4,369670000000.0,161480000000.0
VLID3,9.03,ON NM,09/04/2020,VALID ON NM,6.87,Serviços,19.77,Serviços Diversos,10671900.0,643162000.0,31/12/2019,1269890000.0,71225000.0,8.8,11.85,0.76,-2.48,0.59,15.43,-23.93,3.39,22.0,-50.33,0.32,9.4,-46.82,0.26,2.7,-1.91,1.43,7.5,2.18,-2.01,9.4,-15.51,7.8,4.9,-40.33,3.91,1.71,1.33,6.7,0.86,4.2,0.8,2518440000.0,1098860000.0
VVAR3,5.15,ON,09/04/2020,VIAVAREJO ON,3.84,Comércio,16.64,Eletrodomésticos,681540000.0,6695080000.0,31/12/2019,11232100000.0,1300010000.0,2.39,-4.67,-1.1,-2.46,11.58,0.44,-46.24,7.9,28.6,18.66,0.26,3.3,-53.89,0.27,-5.6,154.44,-2.04,3.5,-44.57,-0.59,5.4,121.23,0.0,-247.9,148.61,6.49,0.79,-79.55,13.25,10.21,9.2,1.05,24424000000.0,578000000.0
VULC3,4.12,ON,09/04/2020,VULCABRAS S/A. ON,3.63,"Tecidos, Vestuário e Calçados",9.34,Calçados,5382380.0,1012510000.0,31/12/2019,993404000.0,245756000.0,-0.96,7.08,0.58,1.23,0.93,4.42,-34.5,6.92,34.7,-35.83,0.74,10.8,-55.22,0.75,10.5,29.58,1.57,10.8,-21.98,1.92,11.7,279.17,0.0,13.2,30.43,4.38,5.32,64.29,6.79,0.04,8.1,1.0,1355160000.0,1087140000.0
WEGE3,38.3,ON N1,09/04/2020,WEG SA ON N1,17.78,Máquinas e Equipamentos,49.59,"Motores, Compressores e Outros",350900000.0,80378600000.0,31/12/2019,79273300000.0,2098660000.0,-4.23,49.78,0.77,14.09,9.22,4.15,-3.58,37.36,29.6,109.47,6.02,16.1,10.96,5.12,12.2,100.56,15.25,13.7,-3.84,26.76,18.8,58.22,1.1,18.5,6.26,31.11,2.17,-3.08,36.84,0.26,9.1,0.85,15687600000.0,8717250000.0
WIZS3,9.34,ON NM,09/04/2020,WIZ S.A. ON NM,6.67,Previdência e Seguros,14.91,Corretoras de Seguros,12079100.0,1493530000.0,31/12/2019,1447940000.0,159907000.0,-1.16,6.98,1.34,3.55,7.98,1.17,-18.75,3.88,71.9,35.55,2.19,56.5,-27.61,2.55,32.8,130.34,-12.34,65.7,-37.19,-5.86,77.3,-10.54,19.1,114.3,49.66,3.41,0.53,-29.09,3.76,0.0,17.7,1.16,586297000.0,187057000.0
YDUQ3,27.05,ON,09/04/2020,YDUQS PART ON,20.62,Diversos,56.6,Educacional,169958000.0,8360860000.0,31/12/2019,9403400000.0,309089000.0,-1.46,12.94,2.09,22.01,2.7,10.04,-32.51,9.44,57.3,-1.17,2.35,24.8,-43.05,1.52,18.1,103.69,10.44,16.1,-22.47,-8.95,18.5,111.53,1.9,20.8,27.99,7.54,2.19,-35.67,10.62,0.53,5.3,0.65,5512490000.0,3102350000.0
